{
    "Ar36": {
        "error": 0.00026735606754107886, 
        "fit": "Linear", 
        "value": 0.009607344713686947
    }, 
    "Ar37": {
        "error": 0.004486028450676912, 
        "fit": "linear", 
        "value": 0.09049816548787482
    }, 
    "Ar38": {
        "error": 0.011528414361925608, 
        "fit": "linear", 
        "value": 0.4217029833825626
    }, 
    "Ar39": {
        "error": 0.012906475435289454, 
        "fit": "Linear", 
        "value": 22.289600676537496
    }, 
    "Ar40": {
        "error": 0.023203753651164477, 
        "fit": "Linear", 
        "value": 123.98450553002388
    }, 
    "Ar41": {
        "error": 0.0052476668618547445, 
        "fit": "Average", 
        "value": 0.07676867973382048
    }
}