{
    "Ar36": {
        "error": 0.0009348412507320588, 
        "fit": "Linear", 
        "value": 0.12977743754622856
    }, 
    "Ar37": {
        "error": 0.0058828841041254345, 
        "fit": "linear", 
        "value": 0.32121310170000805
    }, 
    "Ar38": {
        "error": 0.010311341327846777, 
        "fit": "linear", 
        "value": 0.23929901784228452
    }, 
    "Ar39": {
        "error": 0.012142897857588847, 
        "fit": "Linear", 
        "value": 3.2413607673512237
    }, 
    "Ar40": {
        "error": 0.017787684101593235, 
        "fit": "Linear", 
        "value": 59.96376684009931
    }, 
    "Ar41": {
        "error": 0.004691309138697201, 
        "fit": "Average", 
        "value": 0.09026748315141318
    }
}