{
    "Ar36": {
        "error": 0.003660372918025399, 
        "fit": "Linear", 
        "value": 1.6946028422337922
    }, 
    "Ar37": {
        "error": 0.0051868608461164475, 
        "fit": "linear", 
        "value": 0.43684636460917947
    }, 
    "Ar38": {
        "error": 0.011841747606055728, 
        "fit": "linear", 
        "value": 0.582338169476758
    }, 
    "Ar39": {
        "error": 0.011752868304890113, 
        "fit": "Linear", 
        "value": 1.815816110188565
    }, 
    "Ar40": {
        "error": 0.048289183021114915, 
        "fit": "Linear", 
        "value": 533.2476877386923
    }, 
    "Ar41": {
        "error": 0.00547344727439661, 
        "fit": "Average", 
        "value": 0.10178247417020203
    }
}