{
    "Ar36": {
        "error": 0.004507669528929551, 
        "fit": "Linear", 
        "value": 2.617396229673548
    }, 
    "Ar37": {
        "error": 0.005256021115219982, 
        "fit": "linear", 
        "value": 0.09239266156557349
    }, 
    "Ar38": {
        "error": 0.011346420453261188, 
        "fit": "linear", 
        "value": 1.178536922601852
    }, 
    "Ar39": {
        "error": 0.013816396969182871, 
        "fit": "Linear", 
        "value": 11.181313868405997
    }, 
    "Ar40": {
        "error": 0.09590553638490541, 
        "fit": "Linear", 
        "value": 842.9695641659879
    }, 
    "Ar41": {
        "error": 0.005837110159563683, 
        "fit": "Average", 
        "value": 0.12178082429499745
    }
}