{
    "AX": {
        "error": 0.00930494185566618, 
        "fit": "average", 
        "value": 0.00740644733374378
    }, 
    "CDD": {
        "error": 3.964283232160671e-05, 
        "fit": "average", 
        "value": 0.0006680511779585675
    }, 
    "H1": {
        "error": 0.015610039871597255, 
        "fit": "average", 
        "value": -0.01012468357876506
    }, 
    "H2": {
        "error": 0.008501591686894804, 
        "fit": "average", 
        "value": 0.08713982596441514
    }, 
    "L1": {
        "error": 0.007209319401366624, 
        "fit": "average", 
        "value": 0.13174633353100793
    }, 
    "L2": {
        "error": 0.0024317676333927203, 
        "fit": "average", 
        "value": -0.0011043126611737465
    }
}