{
    "AX": {
        "error": 0.00621302421203073, 
        "fit": "average", 
        "value": 0.05115561237142794
    }, 
    "CDD": {
        "error": 2.9417859889794402e-05, 
        "fit": "average", 
        "value": 0.00030525184262165147
    }, 
    "H1": {
        "error": 0.007039566402849123, 
        "fit": "average", 
        "value": -0.013685097879623366
    }, 
    "H2": {
        "error": 0.0069715621415119885, 
        "fit": "average", 
        "value": 0.0863534747052256
    }, 
    "L1": {
        "error": 0.006210841728444972, 
        "fit": "average", 
        "value": 0.1363155488383024
    }, 
    "L2": {
        "error": 0.002772279841246989, 
        "fit": "average", 
        "value": 0.00530578519325747
    }
}