{
    "AX": {
        "error": 0.0077156812753269395, 
        "fit": "average", 
        "value": 0.04632534569978031
    }, 
    "CDD": {
        "error": 8.462999889886163e-06, 
        "fit": "average", 
        "value": 3.753096348810575e-05
    }, 
    "H1": {
        "error": 0.005366111288297963, 
        "fit": "average", 
        "value": -0.028176975405339352
    }, 
    "H2": {
        "error": 0.006066483171309927, 
        "fit": "average", 
        "value": 0.07765110184175976
    }, 
    "L1": {
        "error": 0.0074952554034049415, 
        "fit": "average", 
        "value": 0.12382820516413241
    }, 
    "L2": {
        "error": 0.0028782038226116153, 
        "fit": "average", 
        "value": 0.010237788639576742
    }
}