{
    "Ar36": {
        "error": 0.0001986176691147254, 
        "fit": "Parabolic", 
        "value": 0.0059728369901917745
    }, 
    "Ar37": {
        "error": 0.0024280574063368704, 
        "fit": "linear", 
        "value": 0.020472421839771514
    }, 
    "Ar38": {
        "error": 0.005482995408650199, 
        "fit": "linear", 
        "value": 0.130631915705289
    }, 
    "Ar39": {
        "error": 0.009137706864358138, 
        "fit": "Parabolic", 
        "value": 0.07959438190317615
    }, 
    "Ar40": {
        "error": 0.009705056563361764, 
        "fit": "Parabolic", 
        "value": 1.538480655822878
    }, 
    "Ar41": {
        "error": 0.006517450291764109, 
        "fit": "linear", 
        "value": 0.08911379114192611
    }
}